Stock,Date,Info,Sentiment Score
AAPL,2019-12-09,[],0.4149542086377877
AAPL,2019-12-10,[],0.4149542086377877
AAPL,2019-12-11,[],0.4149542086377877
AAPL,2019-12-12,[],0.4149542086377877
AAPL,2019-12-13,[],0.4149542086377877
AAPL,2019-12-16,[],0.4149542086377877
AAPL,2019-12-17,[],0.4149542086377877
AAPL,2019-12-18,[],0.4149542086377877
AAPL,2019-12-19,[],0.4149542086377877
AAPL,2019-12-20,[],0.4149542086377877
AAPL,2019-12-23,[],0.4149542086377877
AAPL,2019-12-24,[],0.4149542086377877
AAPL,2019-12-26,[],0.4149542086377877
AAPL,2019-12-27,[],0.4149542086377877
AAPL,2019-12-30,"[""much investing 100 apple stock back 2010 would worth today aapl"",""wedbush projects apple dominate 5g 'super cycle ' disney beat netflix aapl dis nflx msft amzn tsla uber"",null,null,null,null,null,null,null,null,null,null,""airpods watch sales continue drive apple stock higher 2020 citi jim suva says"",null,null,null,null,null,null,null,null,null,null,""apple amd best stocks 2019"",null,null,null,null,null,null,null,null,null,null,""would look apple aapl 1 50 day"",null,null,null,null,null,null,null,null,null,null,""ibdlive team running stock ready list aapl nearly 1 today everyone saying apple going clear winner 5g stock plays says ibd ecarson"",null,null,null,null,null,null,null,null,null,null,""biggest story music last decade industry‚Äôs reconciliation tech ‚Äî decade fighting internet music business fully embraced 2010s streaming finally returned business nearly decimated shift physical digital formats growth"",null,null,null,null,null,null,null,null,null,null,""armed legions lobbyists companies pushing hard ‚Äî successfully ‚Äî weaken new federal taxes take aim overseas tax havens"",null,null,null,null,null,null,null,null,null,null,null,null,null,null,null,null,null,null,null,null,null,null,null,null,null,null]",0.4150490313768387
AAPL,2019-12-31,[],0.4149542086377877
AAPL,2020-01-02,[],0.4149542086377877
AAPL,2020-01-03,[],0.4149542086377877
AAPL,2020-01-06,[],0.4149542086377877
AAPL,2020-01-07,[],0.4149542086377877
AAPL,2020-01-08,[],0.4149542086377877
AAPL,2020-01-09,[],0.4149542086377877
AAPL,2020-01-10,[],0.4149542086377877
AAPL,2020-01-13,[],0.4149542086377877
AAPL,2020-01-14,[],0.4149542086377877
AAPL,2020-01-15,[],0.4149542086377877
AAPL,2020-01-16,[],0.4149542086377877
AAPL,2020-01-17,"[""apple break uptrend line problematic chart steady eddie parabolic h hmeisler"",""apple app store appeals process would make 'kafka blush ' entrepreneur tells congress"",""months filmmakers kirby dick amy ziering pair dream partners oprah winfrey apple committed back documentary women accused hip hop mogul russell simmons sexual misconduct booked sundance film festival apple‚Äôs new streaming platform film primed next high profile media moment metoo era"",""london ‚Äî european union wants make easier charge cellphone devices"",""criticisms directed largest tech companies last couple years smaller rivals willing speak publicly"",null,null,null,null,null,null,null,""friday biggest analyst calls day apple amazon netflix pinterest amp"",null,null,null,null,null,null,null,null,null,null,""analysts raise apple price targets warn inflated expectations 'may make music stop'"",null,null,null,null,null,null,null,null,null,null,""apple may forced ditch lightning charge cable due new eu rules"",null,null,null,null,null,null,null,null,null,null,""apple‚Äôs fight trump justice department two iphones"",null,null,null,null,null,null,null,null,null,null,""great earnings info earnings explorer page may know snapshot info stock like apple aapl set report 28th try w bespoke institutional free trial"",null,null,null,null,null,null,null,null,null,null,""f b apple battling access terrorist iphones f b still need help"",null,null,null,null,null,null,null,null,null,null,""market cap alphabet google parent company vaulted 1 trillion first time made fourth technology company ‚Äî apple amazon microsoft ‚Äî pass unimaginable valuation"",null,null,null,null,null,null,null,null,null,null,""week review week‚Äôs news offering analysis important developments tech industry"",null,null,null,null]",0.4147215691896585
AAPL,2020-01-21,[],0.4149542086377877
AAPL,2020-01-22,"[""president trump says apple ‚Äúthe keys many criminals criminal minds ‚Äù here‚Äôs he‚Äôs calling tech giant ‚Äúhelp us‚Äù criminal cases davos2020"",""president trump says apple ‚Äúthe keys many criminals criminal minds ‚Äù here‚Äôs he‚Äôs calling tech giant ‚Äúhelp us‚Äù criminal cases davos2020"",null,null,null,null,null,null,null,null,null,null,""trump demands apple unlock iphones 'they keys many criminals criminal minds'"",null,null,null,null,null,null,null,null,null,null,""ibm tesla apple rise tech shares gain broader rally falls short"",null,null,null,null,null,null,null,null,null,null,""mobile game called plague inc becomes top paid app china‚Äôs version apple‚Äôs app store"",null,null,null,null,null,null,null,null,null,null,""tesla apple general motors netflix johnson amp johnson companies shares expected trade actively wednesday"",null,null,null,null,null,null,null,null,null,null,""apple added siri assistant iphone 4s model 2011 giving users hand free way schedule appointments play music look information perform basic tasks less decade later digital assistants plethora digital devices including computers smart speakers dashboards watches help ease day keep household running smoothly"",null,null,null,null,null,null,null,null,null,null,null,null,null,null,null,null,null,null,null,null,null,null,null,null,null,null,null,null,null,null,null,null,null,null,null,null,null]",0.4144116682665689
AAPL,2020-01-23,[],0.4149542086377877
AAPL,2020-01-24,[],0.4149542086377877
AAPL,2020-01-27,[],0.4149542086377877
AAPL,2020-01-28,[],0.4149542086377877
AAPL,2020-01-29,[],0.4149542086377877
AAPL,2020-01-30,[],0.4149542086377877
AAPL,2020-01-31,"[""apple amazon microsoft alphabet traveled similar paths road 1 trillion"",""bill gates calls apple first mac great machine 1983 internal video via cnbcmakeit"",null,null,null,null,null,null,null,null,null,null,""usually happens apple aapl breaks"",null,null,null,null,null,null,null,null,null,null,""big companies like apple general motors ikea starbucks closing operations battle coronavirus outbreak changing way business preparing financial hits won‚Äôt businesses hit hardest"",null,null,null,null,null,null,null,null,null,null,""former hbo chief executive richard plepler former vice media executive josh tyrangiel talks plan make documentaries apple tv plus"",null,null,null,null,null,null,null,null,null,null,""richard plepler closing deal former vice media executive josh tyrangiel join new production company eden studios according two people knowledge discussions"",null,null,null,null,null,null,null,null,null,null,null,null,null,null,null,null,null,null,null,null,null,null,null,null,null,null,null,null,null,null,null,null,null,null,null,null,null,null,null,null,null,null,null,null,null,null,null,null]",0.4152340094248454
AAPL,2020-02-03,[],0.4149542086377877
AAPL,2020-02-04,"[""apple ditched headphone jack 2016 samsung also removing decades old feature rise fall headphone jack"",""usually happens apple aapl breaks"",null,null,null,null,null,null,null,null,null,null,""hbo max new streaming service launching spring picked record oprah winfrey apple departures left without home"",null,null,null,null,null,null,null,null,null,null,""san francisco ‚Äî google‚Äôs parent company alphabet said monday revenue company soared past 161 billion last year stark reminder widening gap tech‚Äôs wealthiest outfits rest industry"",null,null,null,null,null,null,null,null,null,null,""documentary women accused russell simmons sexual misconduct found new home original backers oprah winfrey apple‚Äôs streaming service dropped film last month amid pressure campaign hip hop mogul"",null,null,null,null,null,null,null,null,null,null,null,null,null,null,null,null,null,null,null,null,null,null,null,null,null,null,null,null,null,null,null,null,null,null,null,null,null,null,null,null,null,null,null,null,null,null,null,null,null,null,null,null,null,null,null,null,null,null,null]",0.4146469175815583
AAPL,2020-02-05,[],0.4149542086377877
AAPL,2020-02-06,[],0.4149542086377877
AAPL,2020-02-07,[],0.4149542086377877
AAPL,2020-02-10,[],0.4149542086377877
AAPL,2020-02-11,[],0.4149542086377877
AAPL,2020-02-12,[],0.4149542086377877
AAPL,2020-02-13,[],0.4149542086377877
AAPL,2020-02-14,[],0.4149542086377877
AAPL,2020-02-18,[],0.4149542086377877
AAPL,2020-02-19,"[""40 hours ago apple warned revenue guidance stock 2 5 since yesterday open aapl within 1 5 time highs üëÄ"",""imagine apple without apple mcdonald‚Äôs golden arches nike without swoosh trademarks patents make break company ip become battleground u china watch full video"",null,null,null,null,null,null,null,null,null,null,""hide tech play apple chip stocks fall coronavirus weakness trader aapl smh crm via tradingnation"",null,null,null,null,null,null,null,null,null,null,""usually happens apple aapl breaks"",null,null,null,null,null,null,null,null,null,null,""london ‚Äî across digital economy europe missing"",null,null,null,null,null,null,null,null,null,null,null,null,null,null,null,null,null,null,null,null,null,null,null,null,null,null,null,null,null,null,null,null,null,null,null,null,null,null,null,null,null,null,null,null,null,null,null,null,null,null,null,null,null,null,null,null,null,null,null]",0.4147109925746918
AAPL,2020-02-20,[],0.4149542086377877
AAPL,2020-02-21,[],0.4149542086377877
AAPL,2020-02-24,[],0.4149542086377877
AAPL,2020-02-25,[],0.4149542086377877
AAPL,2020-02-26,[],0.4149542086377877
AAPL,2020-02-27,[],0.4149542086377877
AAPL,2020-02-28,[],0.4149542086377877
AAPL,2020-03-02,[],0.4149542086377877
AAPL,2020-03-03,[],0.4149542086377877
AAPL,2020-03-04,[],0.4149542086377877
AAPL,2020-03-05,[],0.4149542086377877
AAPL,2020-03-06,[],0.4149542086377877
AAPL,2020-03-09,[],0.4149542086377877
AAPL,2020-03-10,[],0.4149542086377877
AAPL,2020-03-11,[],0.4149542086377877
AAPL,2020-03-12,[],0.4149542086377877
AAPL,2020-03-13,[],0.4149542086377877
AAPL,2020-03-16,[],0.4149542086377877
AAPL,2020-03-17,[],0.4149542086377877
AAPL,2020-03-18,[],0.4149542086377877
AAPL,2020-03-19,[],0.4149542086377877
AAPL,2020-03-20,[],0.4149542086377877
AAPL,2020-03-23,"[""volunteers amazon apple google built coronavirus tracking site six days"",""apple granted tariff exemption apple watch"",null,null,null,null,null,null,null,null,null,null,""u tech ceos including facebook‚Äôs mark zuckerberg apple‚Äôs tim cook pledged donate masks medical professionals"",null,null,null,null,null,null,null,null,null,null,""stock market live updates following coronavirus induced sell apple longer part trillion dollar club"",null,null,null,null,null,null,null,null,null,null,""steve wozniak says steve jobs' personality changed apple started making big money via cnbcmakeit"",null,null,null,null,null,null,null,null,null,null,""oakland calif ‚Äî u trade officials removed tariffs apple watch latest apple device avoid united states china trade war looked like dire threat company‚Äôs business"",null,null,null,null,null,null,null,null,null,null,""oakland calif ‚Äî rest economy tanking crippling impact coronavirus business biggest technology companies holding steady ‚Äî even thriving"",null,null,null,null,null,null,null,null,null,null,""san francisco ‚Äî iphone dictate text message put amazon‚Äôs alexa coffee table request song across room"",null,null,null,null,null,null,null,null,null,null,null,null,null,null,null,null,null,null,null,null,null,null,null,null,null,null]",0.4151242971420288
AAPL,2020-03-24,[],0.4149542086377877
AAPL,2020-03-25,[],0.4149542086377877
AAPL,2020-03-26,[],0.4149542086377877
AAPL,2020-03-27,[],0.4149542086377877
AAPL,2020-03-30,[],0.4149542086377877
AAPL,2020-03-31,[],0.4149542086377877
AAPL,2020-04-01,[],0.4149542086377877
AAPL,2020-04-02,[],0.4149542086377877
AAPL,2020-04-03,[],0.4149542086377877
AAPL,2020-04-06,[],0.4149542086377877
AAPL,2020-04-07,[],0.4149542086377877
AAPL,2020-04-08,[],0.4149542086377877
AAPL,2020-04-09,"[""apple 'fork road' disney reports 50m subscribers aapl dis"",""face shield become ppe choice non medical makers outbreak big companies including apple ford nike pitching help make"",null,null,null,null,null,null,null,null,null,null,""stanford apple release app connects first responders drive covid 19 tests"",null,null,null,null,null,null,null,null,null,null,null,null,null,null,null,null,null,null,null,null,null,null,null,null,null,null,null,null,null,null,null,null,null,null,null,null,null,null,null,null,null,null,null,null,null,null,null,null,null,null,null,null,null,null,null,null,null,null,null,null,null,null,null,null,null,null,null,null,null,null,null,null,null,null,null,null,null,null,null,null,null]",0.4151181976000468
AAPL,2020-04-13,[],0.4149542086377877
AAPL,2020-04-14,[],0.4149542086377877
AAPL,2020-04-15,[],0.4149542086377877
AAPL,2020-04-16,[],0.4149542086377877
AAPL,2020-04-17,[],0.4149542086377877
AAPL,2020-04-20,[],0.4149542086377877
AAPL,2020-04-21,[],0.4149542086377877
AAPL,2020-04-22,[],0.4149542086377877
AAPL,2020-04-23,[],0.4149542086377877
AAPL,2020-04-24,[],0.4149542086377877
AAPL,2020-04-27,[],0.4149542086377877
AAPL,2020-04-28,[],0.4149542086377877
AAPL,2020-04-29,"[""apple making easier unlock iphone without face id since everyone wearing masks"",""apple google release test version coronavirus tracing software"",null,null,null,null,null,null,null,null,null,null,""one ambitious projects apple history ‚Äî code named ‚Äúbubble‚Äù ‚Äî launched less month driven handful employees"",null,null,null,null,null,null,null,null,null,null,""even analysts trimmed earnings expectations giants like microsoft apple amazon ‚Äî country‚Äôs three valuable companies investors betting covid 19 crisis accelerates growing power america‚Äôs corporate colossuses"",null,null,null,null,null,null,null,null,null,null,""stocks soar gilead covid drug apple buy point netflix makes bullish move gild aapl nflx watch stock market today"",null,null,null,null,null,null,null,null,null,null,""apple eyes buy point results due investing action plan"",null,null,null,null,null,null,null,null,null,null,""best events happening wednesday tune times eastern daylight"",null,null,null,null,null,null,null,null,null,null,""government said wednesday u economy suffered worst contraction since last recession head federal reserve later said didn‚Äôt know bad downturn would long would last"",null,null,null,null,null,null,null,null,null,null,""faced growing coronavirus threat governor north dakota last month posed question friend private sector days friend software engineer created location tracking app football fans north dakota state university liked meet traveling big games"",null,null,null,null,null,null,null,null,null,null,null,null,null,null,null]",0.4150497847133213
AAPL,2020-04-30,"[""apple raised dividend 6 confident future continue make significant investments areas business enrich customers' lives including five year commitment contribute 350 billion united states economy via tim cook"",""forget apple amazon report earnings close"",""look apple set report earnings bell"",""level 'would clear' apple stock iphone maker heads earnings chart analyst aapl via tradingnation"",""new subscribers every major analyst predicts apple first quarter earnings report"",""apple reported slight uptick revenue latest quarter even coronavirus shut factories dented sales china"",""despite coronavirus related slowdown china apple revenue grew last quarter iphone maker declined provide financial forecast current quarter"",""christopher wray director f b critic tough encryption offered apple facebook whatsapp law firm defended matter justice department"",""global economy showing signs collapse yet apple said sales continued rise buying back another 50 billion stock"",""month fiona apple released fifth album ‚Äúfetch bolt cutters ‚Äù event received significant awe rapturous praise apple often takes time records ‚Äî previous one ‚Äúthe idler wheel ‚Ä¶ ‚Äù released 2012 ‚Äî greeting received much long absence"",""world turned strange scary sometimes seeing beloved face past enough bring tears eyes felt barbara apple ‚Äî looking bit pale careworn unmistakably ‚Äî materialized computer screen wednesday night"",""recently last month christopher wray director federal bureau investigation pushing tech companies like facebook give law enforcement access called ‚Äúwarrant proof encryption ‚Äù"",""apple reports big q2 earnings beat driven record services revenue aapl"",null,null,null,null,null,null,null,null,null,null,""apple ceo tim cook says company saw 'uptick across board' late april"",null,null,null,null,null,null,null,null,null,null,""missed business news today apple amazon report earnings plus latest contact tracing"",null,null,null,null,null,null,null,null,null,null,""stocks making biggest moves hours amazon apple western digital"",null,null,null,null,null,null,null,null,null,null,""apple reports flat revenue offer guidance coronavirus uncertainty"",null,null,null,null,null,null,null,null,null,null,""apple 192 8 billion cash hand last quarter"",null,null,null,null,null,null,null,null,null,null,""apple earnings apple shares moved 2 extended trading thursday company reported q2 results"",null,null,null,null,null,null,null,null,null,null,""apple iphone revenue drops 7 last year coronavirus hits supply chain demand"",null,null,null,null]",0.41477849781513215
AAPL,2020-05-01,[],0.4149542086377877
AAPL,2020-05-04,[],0.4149542086377877
AAPL,2020-05-05,[],0.4149542086377877
AAPL,2020-05-06,[],0.4149542086377877
AAPL,2020-05-07,"[""new subscribers apple stocks actually increased dividend pandemic"",""review apple finally fixed keyboard laptops ‚Äî new macbook pro great robotodd says"",null,null,null,null,null,null,null,null,null,null,""coronavirus app u turn britain nhs pays swiss firm investigate apple google model"",null,null,null,null,null,null,null,null,null,null,""apple finally fixed keyboard laptops ‚Äî new macbook pro great"",null,null,null,null,null,null,null,null,null,null,""london ‚Äî first time coronavirus era british government going way"",null,null,null,null,null,null,null,null,null,null,""article part tech newsletter sign receive weekdays"",null,null,null,null,null,null,null,null,null,null,null,null,null,null,null,null,null,null,null,null,null,null,null,null,null,null,null,null,null,null,null,null,null,null,null,null,null,null,null,null,null,null,null,null,null,null,null,null]",0.4145969798167545
AAPL,2020-05-08,[],0.4149542086377877
AAPL,2020-05-11,[],0.4149542086377877
AAPL,2020-05-12,[],0.4149542086377877
AAPL,2020-05-13,[],0.4149542086377877
AAPL,2020-05-14,[],0.4149542086377877
AAPL,2020-05-15,"[""stocks making biggest moves premarket qualcomm cisco apple boeing amp"",""usually happens apple aapl breaks"",null,null,null,null,null,null,null,null,null,null,null,null,null,null,null,null,null,null,null,null,null,null,null,null,null,null,null,null,null,null,null,null,null,null,null,null,null,null,null,null,null,null,null,null,null,null,null,null,null,null,null,null,null,null,null,null,null,null,null,null,null,null,null,null,null,null,null,null,null,null,null,null,null,null,null,null,null,null,null,null,null,null,null,null,null,null,null,null,null,null,null,null]",0.4145480394363403
AAPL,2020-05-18,[],0.4149542086377877
AAPL,2020-05-19,[],0.4149542086377877
AAPL,2020-05-20,[],0.4149542086377877
AAPL,2020-05-21,[],0.4149542086377877
AAPL,2020-05-22,"[""5 faang stocks amazon amzn facebook fb netflix nflx recently touched time highs apple aapl alphabet goog farthest go"",""miami ‚Äî illegal surveillance journalists judges human rights activists politicians opposition emerged colombia colombians ones affected"",null,null,null,null,null,null,null,null,null,null,null,null,null,null,null,null,null,null,null,null,null,null,null,null,null,null,null,null,null,null,null,null,null,null,null,null,null,null,null,null,null,null,null,null,null,null,null,null,null,null,null,null,null,null,null,null,null,null,null,null,null,null,null,null,null,null,null,null,null,null,null,null,null,null,null,null,null,null,null,null,null,null,null,null,null,null,null,null,null,null,null,null]",0.4145219027996063
AAPL,2020-05-26,[],0.4149542086377877
AAPL,2020-05-27,[],0.4149542086377877
AAPL,2020-05-28,[],0.4149542086377877
AAPL,2020-05-29,[],0.4149542086377877
AAPL,2020-06-01,[],0.4149542086377877
AAPL,2020-06-02,[],0.4149542086377877
AAPL,2020-06-03,[],0.4149542086377877
AAPL,2020-06-04,[],0.4149542086377877
AAPL,2020-06-05,"[""faze clan celebrates 10 year anniversary g fuel apple beats"",""new subscribers friday biggest analyst calls day apple qualcomm ebay amp"",null,null,null,null,null,null,null,null,null,null,""new subscribers credit suisse hikes price target apple says app store growth accelerating"",null,null,null,null,null,null,null,null,null,null,""apple reportedly giving coronavirus tests staff return office"",null,null,null,null,null,null,null,null,null,null,""read apple ceo tim cook open letter titled ‚Äúspeaking racism ‚Äù"",null,null,null,null,null,null,null,null,null,null,""usually happens apple aapl breaks"",null,null,null,null,null,null,null,null,null,null,""combined market cap alphabet googl apple aapl amazon amzn facebook fb microsoft msft hit 5 73 trillion today new time high"",null,null,null,null,null,null,null,null,null,null,null,null,null,null,null,null,null,null,null,null,null,null,null,null,null,null,null,null,null,null,null,null,null,null,null,null,null]",0.4155246104512896
AAPL,2020-06-08,[],0.4149542086377877
AAPL,2020-06-09,[],0.4149542086377877
AAPL,2020-06-10,[],0.4149542086377877
AAPL,2020-06-11,[],0.4149542086377877
AAPL,2020-06-12,[],0.4149542086377877
AAPL,2020-06-15,[],0.4149542086377877
AAPL,2020-06-16,"[""apple reopens stores new york city first time lockdown"",""stocks making biggest moves midday apple nordstrom eli lilly caterpillar"",""rome ‚Äî three people northern italian region liguria tested positive coronavirus last week gave doctors permission punch national server anonymous codes generated new contact tracing app phones moments later phones people also voluntarily downloaded app come contact buzzed alert"",null,null,null,null,null,null,null,null,null,""new subscribers tuesday biggest analyst calls day apple nvidia cisco intel amp"",null,null,null,null,null,null,null,null,null,null,""new subscribers citi raises apple forecast highest wall street predicts another 17 gain"",null,null,null,null,null,null,null,null,null,null,""eu launches anti trust probe apple app store"",null,null,null,null,null,null,null,null,null,null,""usually happens apple aapl breaks"",null,null,null,null,null,null,null,null,null,null,""possibility lasting damage eu‚Äôs investigations might seem small apple‚Äôs stock priced nothing go wrong"",null,null,null,null,null,null,null,null,null,null,""companies want offer products apple‚Äôs app store always catch agree apple‚Äôs terms conditions"",null,null,null,null,null,null,null,null,null,null,""european commission opened formal antitrust investigation determine rules apple imposes app developers violate competition rules"",null,null,null,null,null,null,null,null,null,null,""london ‚Äî apple‚Äôs app store helped usher smartphone economy leading birth ubiquitous services instagram uber candy crush providing transformative new way people shop phones"",null,null,null,null]",0.4150927581570365
AAPL,2020-06-17,[],0.4149542086377877
AAPL,2020-06-18,[],0.4149542086377877
AAPL,2020-06-19,[],0.4149542086377877
AAPL,2020-06-22,[],0.4149542086377877
AAPL,2020-06-23,[],0.4149542086377877
AAPL,2020-06-24,[],0.4149542086377877
AAPL,2020-06-25,"[""apple watch soon let doctors remotely monitor patients age ‚Äî experts think"",""apple closing 14 stores florida coronavirus concerns"",null,null,null,null,null,null,null,null,null,null,""apple close 14 stores florida rising covid 19 rates"",null,null,null,null,null,null,null,null,null,null,""apple watch soon let doctors remotely monitor patients age ‚Äî experts think"",null,null,null,null,null,null,null,null,null,null,""new subscribers thursday biggest analyst calls day apple boeing facebook spotify amp"",null,null,null,null,null,null,null,null,null,null,""apple close seven u retail stores houston texas area thursday covid 19 cases rise state company said"",null,null,null,null,null,null,null,null,null,null,""two white actresses voiced black characters popular animated television shows announced would step wednesday extending season soul searching systemic racism touched multiple industries wake recent police killings african americans"",null,null,null,null,null,null,null,null,null,null,null,null,null,null,null,null,null,null,null,null,null,null,null,null,null,null,null,null,null,null,null,null,null,null,null,null,null]",0.4147958670343672
AAPL,2020-06-26,[],0.4149542086377877
AAPL,2020-06-29,[],0.4149542086377877
AAPL,2020-06-30,[],0.4149542086377877
AAPL,2020-07-01,"[""apple focused enterprise software developer jamf files go public aapl"",""apple close 30 retail stores coronavirus cases spike"",null,null,null,null,null,null,null,null,null,null,""apple closing additional 30 stores bringing total number closures 77 u"",null,null,null,null,null,null,null,null,null,null,""apple reportedly pushing suppliers cut production delays 5g iphone range"",null,null,null,null,null,null,null,null,null,null,""washington ‚Äî chief executives four world‚Äôs biggest technology companies appear congress month part sweeping antitrust investigation market power according committee running inquiry setting high profile face companies skeptical lawmakers"",null,null,null,null,null,null,null,null,null,null,""recommendations stream sign twice weekly watching newsletter"",null,null,null,null,null,null,null,null,null,null,null,null,null,null,null,null,null,null,null,null,null,null,null,null,null,null,null,null,null,null,null,null,null,null,null,null,null,null,null,null,null,null,null,null,null,null,null,null]",0.4146501123905182
AAPL,2020-07-02,[],0.4149542086377877
AAPL,2020-07-06,[],0.4149542086377877
AAPL,2020-07-07,"[""stocks making biggest moves midday novavax shake shack tesla apple amp"",""though session high nasdaq led dow amp p 500 since opening bell big tech stocks like microsoft apple facebook rose follow along latest stock market updates"",null,null,null,null,null,null,null,null,null,null,""new subscribers tuesday calls day analysts get even bullish amazon apple netflix amp nvidia"",null,null,null,null,null,null,null,null,null,null,""united states entered world war ii 1941 huge challenge military getting fighting safely troops equipment moved water even protection airborne forces sporadic atlantic left allied convoys vulnerable harrowingly long periods attack advanced german submarines known u boats"",null,null,null,null,null,null,null,null,null,null,null,null,null,null,null,null,null,null,null,null,null,null,null,null,null,null,null,null,null,null,null,null,null,null,null,null,null,null,null,null,null,null,null,null,null,null,null,null,null,null,null,null,null,null,null,null,null,null,null,null,null,null,null,null,null,null,null,null,null,null]",0.4150725081562996
AAPL,2020-07-08,"[""stocks rose wednesday volatile trading led gains major tech names apple microsoft wall street regained losses previous session amp p 500 climbed 1 44 dow 0 69 nasdaq 1 44"",""new subscribers mike santoli market notes growth dominance buffett great apple investment uptrend confirmed"",null,null,null,null,null,null,null,null,null,null,""vast majority apple stores closed due covid 19 u"",null,null,null,null,null,null,null,null,null,null,""apple maps driving activity slowing warning sign economy"",null,null,null,null,null,null,null,null,null,null,""stocks making biggest moves premarket nikola apple biogen intersect ent amp"",null,null,null,null,null,null,null,null,null,null,""heard street wall street moon apple‚Äôs next iphone seem care actually arrive"",null,null,null,null,null,null,null,null,null,null,""you‚Äôre particularly hungry escape current realities susceptibility industrial strength sentimentality wrapped tastefully autumnal lighting ‚Äúlittle voice‚Äù apple tv might appeal half hour dramedy premiering friday aspiring singer songwriter tends bar teaches music walks dogs suspiciously clean streets new york it‚Äôs coronavirus free"",null,null,null,null,null,null,null,null,null,null,""late june brought news animated shows ‚Äúthe simpsons ‚Äù ‚Äúfamily guy ‚Äù ‚Äúbig mouth‚Äù ‚Äúcentral park‚Äù would recast characters color played white actors"",null,null,null,null,null,null,null,null,null,null,null,null,null,null,null,null,null,null,null,null,null,null,null,null,null,null]",0.4145325906574726
AAPL,2020-07-09,[],0.4149542086377877
AAPL,2020-07-10,[],0.4149542086377877
AAPL,2020-07-13,[],0.4149542086377877
AAPL,2020-07-14,[],0.4149542086377877
AAPL,2020-07-15,[],0.4149542086377877
AAPL,2020-07-16,[],0.4149542086377877
AAPL,2020-07-17,[],0.4149542086377877
AAPL,2020-07-20,"[""germany switzerland countries used google apple‚Äôs free software develop national virus alert apps downloaded 20 million times government officials seemed surprised could detect android users‚Äô locations"",""google apple said new software virus tracing apps privacy preserving health officials pushing back google requirement android users apps enable phones' location setting"",null,null,null,null,null,null,null,null,null,null,""washington ‚Äî trump administration monday barred 11 new chinese companies purchasing american technology products without special license saying firms complicit human rights violations china‚Äôs campaign targeting muslim minorities xinjiang region"",null,null,null,null,null,null,null,null,null,null,""google apple announced plans april free software help alert people possible exposure coronavirus companies promoted ‚Äúprivacy preserving‚Äù said would track users‚Äô locations encouraged guarantees germany switzerland countries used code develop national virus alert apps downloaded 20 million times"",null,null,null,null,null,null,null,null,null,null,null,null,null,null,null,null,null,null,null,null,null,null,null,null,null,null,null,null,null,null,null,null,null,null,null,null,null,null,null,null,null,null,null,null,null,null,null,null,null,null,null,null,null,null,null,null,null,null,null,null,null,null,null,null,null,null,null,null,null,null]",0.4147258922457695
AAPL,2020-07-21,[],0.4149542086377877
AAPL,2020-07-22,"[""apple plans go carbon neutral across supply chain products within decade aapl"",""jamf shares soar debut ipo gives investors another way bet apple"",""town partly closed you‚Äôre wary travel covid 19 pandemic might feel phone‚Äôs map app sitting gathering digital dust even you‚Äôre tapping apple‚Äôs maps google maps explore exotic vacation spot belt turn turn directions long road trip summer interactive travel aid useful things"",null,null,null,null,null,null,null,null,null,""apple releases study defending app store‚Äôs 30 cut ahead tim cook‚Äôs congressional testimony next week"",null,null,null,null,null,null,null,null,null,null,""jamf shares soar debut ipo gives investors another way bet apple"",null,null,null,null,null,null,null,null,null,null,""apple defends app store 30 cut ahead tim cook testimony"",null,null,null,null,null,null,null,null,null,null,""italian officials raid local offices amazon apple antitrust probe sale beats headphones"",null,null,null,null,null,null,null,null,null,null,""apple aapl breakout stats"",null,null,null,null,null,null,null,null,null,null,""usually happens apple aapl breaks"",null,null,null,null,null,null,null,null,null,null,""apple‚Äôs legal fees could small fry compared another bill coming due eu tax spat"",null,null,null,null,null,null,null,null,null,null,""may using apple maps google maps traditional summer travel year sticking close home apps tell open eat plan socially distant exercise"",null,null,null,null]",0.4154971539974213
AAPL,2020-07-23,"[""traders investors avoid apple aapl stock right"",""apple steve wozniak sues youtube alleging inaction bitcoin fraud goog googl aapl"",null,null,null,null,null,null,null,null,null,null,""stocks fell volatile trading thursday microsoft apple led broader market lower traders pored disappointing unemployment data dow 1 31 amp p 500 fell 1 23 nasdaq 2 29"",null,null,null,null,null,null,null,null,null,null,""states probe apple potential consumer protection violation"",null,null,null,null,null,null,null,null,null,null,""new subscribers thursday biggest analyst calls day apple microsoft tesla amp"",null,null,null,null,null,null,null,null,null,null,""today nintendo part crowded video game market competes sony microsoft apple google company around 130 years able stay relevant long"",null,null,null,null,null,null,null,null,null,null,""five largest stocks p 500 account 22 percent index‚Äôs market capitalization according goldman sachs soaring share prices alphabet amazon apple facebook microsoft ‚Äî set new highs month ‚Äî led record degree market concentration makes analysts nervous notes dealbook newsletter"",null,null,null,null,null,null,null,null,null,null,null,null,null,null,null,null,null,null,null,null,null,null,null,null,null,null,null,null,null,null,null,null,null,null,null,null,null]",0.4147660604545048
AAPL,2020-07-24,[],0.4149542086377877
AAPL,2020-07-27,[],0.4149542086377877
AAPL,2020-07-28,[],0.4149542086377877
AAPL,2020-07-29,[],0.4149542086377877
AAPL,2020-07-30,"[""tim apple splits stock aapl amzn fb goog"",""apple reports 4 1 stock split effective aug 24 aapl"",""apple announced stock split ‚Äî means investors"",""earnings apple reports historically strong quarter including 59 7 billion revenue double digit growth products services segments"",""apple 193 82 billion cash hand"",""apple announces 4 1 stock split"",""apple set report earnings bell"",""op ed censorship higher taxes create apples amazons facebooks googles"",""new subscribers every major analyst expects apple earnings report"",""amazon jeff bezos apple tim cook alphabet sundar pichai facebook mark zuckerberg testified remotely yesterday house antitrust subcommittee highlights"",""congress goods apple amazon facebook google"",""new subscribers option traders bracing big post earnings moves amazon apple facebook"",""apple ticked 400 aapl"",""apple tried lure amazon video app offering lower 15 fee email released house antitrust subcommittee shows"",""apple cash would 29th largest company amp p 500"",""apple weight djia drop 10 5 2 8 post split"",""simple way avoid amazon apple google facebook digital lives steps take support tech little guys"",""day lawmakers grilled chief executives biggest tech companies size power amazon apple alphabet facebook reported surprisingly healthy quarterly financial results defying one worst economic downturns record"",""wednesday representative david cicilline democrat rhode island chairman house judiciary committee‚Äôs antitrust subcommittee opened half virtual hearing ‚Äúonline platforms market power‚Äù combative opening statement ‚Äúour founders would bow king bow emperors online economy ‚Äù"",""article part tech newsletter sign receive weekdays"",""mark zuckerberg appeared front congress two years ago facebook chief executive‚Äôs memorable retort clueless questioner ‚Äúsenator run ads ‚Äù wednesday‚Äôs marathon appearance mr zuckerberg three tech titans house hearing competition tech industry fitting quote might ‚Äúcongresswoman i‚Äôm sure would mean ‚Äòthreaten ‚Äô‚Äù"",""listen subscribe podcast mobile device via apple podcasts via spotify via stitcher"",""london ‚Äî european union leaders pursuing new law make illegal amazon apple give products preferential treatment rivals sold online stores"",""heads amazon apple facebook google report earnings close amzn aapl fb goog"",""join us today dealbook debrief call times‚Äôs foreign affairs columnist thomas friedman discuss ‚Äúamerica‚Äôs place pandemic world ‚Äù struggle contain coronavirus upending u relationships allies emboldening adversaries happens next r v p find 11 eastern want delievered inbox day sign"",""jeff bezos amazon tim cook apple mark zuckerberg facebook sundar pichai google called testify congress wednesday claims companies grown powerful"",null,null,null,null,null,null,null,null,""benzinga pro aapl apple earnings 3quickmins"",null,null,null,null,null,null,null,null,null,null,""apple shares breach 400 tech giant announces record quarter stock split aapl"",null,null,null,null,null,null,null,null,null,null,""apple shares breach 400 tech giant announces record quarter stock split aapl"",null,null,null,null,null,null,null,null,null,null,""facebook says apple ios 14 changes could hurt ad targeting"",null,null,null,null,null,null,null,null,null,null,""jim cramer reacts amazon apple facebook alphabet earnings"",null,null,null,null,null,null,null,null,null,null,""apple suggests new iphones arrive september"",null,null,null,null]",0.414879153482616
AAPL,2020-07-31,"[""amazon apple facebook amzn aapl fb"",""apple aapl path 2 trillion set wall street lauds resilience ecosystem engagement"",""cramer cheers apple stock split decision 'apple cares little guy'"",""madmoneyoncnbc jimcramer reacts amazon apple facebook alphabet earnings"",""apple announced 4 1 stock split ‚Äî means investors"",""amazon apple facebook crushed wall street earnings expectations 5 things know stock market opens"",""apple announced board directors approved 4 1 stock split"",""apple reported historically strong quarter including 59 7 billion revenue double digit growth products services segments blowing away analyst estimates"",""new subscribers every major wall street analyst says apple blowout earnings report"",""apple managed growth china helped 'record' ipad services revenue plus iphone bounce"",""dow breadth terrible morning 3 30 stocks apple aapl accounts 150 points index 4 pts"",""combined market cap apple microsoft amazon 2 3 times market cap entire russell 2000"",""premarket prep earnings apple facebook amazon alphabet"",""u stocks came back post friday gains apple soared 10 thursday‚Äôs earnings"",""reporter tried block amazon facebook google apple microsoft life much harder could possibly imagine"",""chief executives amazon facebook google apple called house antitrust committee week ostensibly answer questions whether much power whether hurts consumers"",""recommendations stream sign twice weekly watching newsletter"",""won‚Äôt want miss next dealbook debrief call discuss racial injustice corporate america special guest nikole hannah jones times‚Äôs domestic correspondent creator 1619 project needed business community produce lasting change join us thursday aug 6 11 eastern find r v p want delivered inbox day sign"",null,null,null,null,null,""stocks wiped earlier losses friday biggest tech companies market leaders ‚Äî amazon apple facebook ‚Äî soared posting stellar quarterly results dow 0 44 amp p 500 0 77 nasdaq rose 1 49"",null,null,null,null,null,null,null,null,null,null,""apple surpasses saudi aramco become world valuable company"",null,null,null,null,null,null,null,null,null,null,""apple announced 4 1 stock split ‚Äî means investors"",null,null,null,null,null,null,null,null,null,null,""earnings season continues amazon apple facebook reporting quarterly results ‚ö°Ô∏è ‚Äúbig tech reports earnings amid pandemic‚Äù"",null,null,null,null,null,null,null,null,null,null,""tim cook says apple buys innovation competitors"",null,null,null,null,null,null,null,null,null,null,""amazon google apple facebook reported better expected quarterly earnings thursday five experts break company earnings see gains ending anytime soon"",null,null,null,null,null,null,null,null,null,null,""coronavirus pandemic helped boost apple ipad mac sales"",null,null,null,null]",0.4147634339332581
AAPL,2020-08-03,[],0.4149542086377877
AAPL,2020-08-04,"[""apple announced big update 27 inch imac ‚Äî robotodd explains new"",""apple announces longtime marketing boss phil schiller step role replaced one deputies greg joswiak"",""apple said long serving chief marketing officer phil schiller would step replaced greg joswiak prominent product marketing executive company"",""apple announced tuesday long serving chief marketing officer phil schiller would step replaced greg joswiak prominent product marketing executive company"",null,null,null,null,null,null,null,null,""apple ucla kick three year depression study"",null,null,null,null,null,null,null,null,null,null,""listen apple way 2 trillion could possibly stop big tech listen subscribe halftimereport podcast clicking link"",null,null,null,null,null,null,null,null,null,null,""listen next tiktok apple road 2 trillion squawk pod podcast squawkcnbc listen subscribe"",null,null,null,null,null,null,null,null,null,null,""apple replaces longtime marketing chief phil schiller"",null,null,null,null,null,null,null,null,null,null,""android phones finally let share files pictures people nearby like apple airdrop"",null,null,null,null,null,null,null,null,null,null,""apple announces new 27 inch imac lots big upgrades price"",null,null,null,null,null,null,null,null,null,null,""apple announces new 27 inch imac lots big upgrades price"",null,null,null,null,null,null,null,null,null,null,""axios reports apple expressed serious interest buying tiktok"",null,null,null,null]",0.41550274441639584
AAPL,2020-08-05,[],0.4149542086377877
AAPL,2020-08-06,[],0.4149542086377877
AAPL,2020-08-07,"[""microsoft facebook blast apple restrictive rules gaming apps"",""read hundreds pages emails congress collected facebook apple amazon google ‚Äî found"",null,null,null,null,null,null,null,null,null,null,""trump administration issued executive order could pull wechat china‚Äôs important app apple google stores across world prevent american companies business parent company tencent"",null,null,null,null,null,null,null,null,null,null,""former talkspace employees say text therapy company gave burner phones asked positive reviews apple google app stores"",null,null,null,null,null,null,null,null,null,null,""sheryl sandberg facebook‚Äôs chief operating officer said ‚Äúunfortunately remove gameplay functionality entirely order get apple‚Äôs approval stand alone facebook gaming app ‚Äù"",null,null,null,null,null,null,null,null,null,null,""sheryl sandberg facebook‚Äôs chief operating officer said ‚Äúunfortunately remove gameplay functionality entirely order get apple‚Äôs approval stand alone facebook gaming app ‚Äù"",null,null,null,null,null,null,null,null,null,null,""six months facebook tried get apple approve new facebook gaming app could available apple‚Äôs app store time apple said"",null,null,null,null,null,null,null,null,null,null,null,null,null,null,null,null,null,null,null,null,null,null,null,null,null,null,null,null,null,null,null,null,null,null,null,null,null]",0.41459995082446505
AAPL,2020-08-10,[],0.4149542086377877
AAPL,2020-08-11,[],0.4149542086377877
AAPL,2020-08-12,"[""joe biden‚Äôs campaign transition team include advisers ties tech companies worry liberals one mr biden‚Äôs closest aides joined campaign apple others held senior roles firms consulted major tech companies"",""hong kong ‚Äî 200 police officers raided newsroom hong kong‚Äôs biggest pro democracy newspaper apple daily staff reporter messaged editor chief question still go work"",null,null,null,null,null,null,null,null,null,null,""hong kong ‚Äî ever since new round pro democracy protests broke hong kong last year journalists local global media exposed freedoms shrinking human rights deteriorating police brutality worsening city"",null,null,null,null,null,null,null,null,null,null,""wednesday puzzle ‚Äî far spoil puzzle it‚Äôs wednesday need midweek pick given constructor adesina koiki ‚Äî makes new york times debut puzzle ‚Äî permission set column fire"",null,null,null,null,null,null,null,null,null,null,null,null,null,null,null,null,null,null,null,null,null,null,null,null,null,null,null,null,null,null,null,null,null,null,null,null,null,null,null,null,null,null,null,null,null,null,null,null,null,null,null,null,null,null,null,null,null,null,null,null,null,null,null,null,null,null,null,null,null,null]",0.414935939013958
AAPL,2020-08-13,[],0.4149542086377877
AAPL,2020-08-14,[],0.4149542086377877
AAPL,2020-08-17,[],0.4149542086377877
AAPL,2020-08-18,[],0.4149542086377877
AAPL,2020-08-19,"[""breaking apple wins race 2 trillion market cap aapl"",""apple‚Äôs 2 trillion value proof tim cook‚Äôs services plan worked"",""apple 2 trillion value proof tim cook services plan worked"",""breaking apple hits market cap 2 trillion"",""apple becomes first u company reach 2 trillion market cap"",""today nintendo part crowded video game market competes sony microsoft apple google company around 130 years able stay relevant long"",""usually happens apple aapl breaks"",""apple aapl breakout stats"",""apple market cap russell 2000 verizon"",""2 trillion market cap apple also fetching twice earnings multiple crossed 1t mark risky place especially app store business model threat djtgallagher writes wsjheard"",""heard street 2 trillion market would valuing apple nothing could go wrong"",""apple became first u company hit 2 trillion valuation shares climbed 1 4 percent 468 65 midday trading ‚Äì punctuating pandemic bonanza tech giants"",""icymi apple hits market cap 2 trillion"",""rally technology stocks elevated amp p 500 stock index record high apple amazon alphabet microsoft facebook constitute 20 percent stock market‚Äôs total worth level seen single industry least 70 years"",""apple became first u company hit 2 trillion valuation tech behemoths far behind"",""apple amazon alphabet facebook microsoft account 20 percent stock market‚Äôs total worth level seen single industry least 70 years"",""apple became first u company hit 2 trillion valuation tech behemoths far behind"",""apple amazon alphabet facebook microsoft account 20 percent stock market‚Äôs total worth level seen single industry least 70 years"",""apple amazon alphabet facebook microsoft account 20 percent stock market‚Äôs total worth level seen single industry least 70 years"",""took apple 42 years reach 1 trillion value took two years get 2 trillion"",""years companies complained pay good money online ads see end near racist post article promoting conspiracy theory"",""american tech titans flew high coronavirus pandemic making billions dollars year"",""want get briefing email here‚Äôs sign"",""apple hits 2 trillion market cap‚Äîfive pros weigh aapl via tradingnation"",""taking better care tech gear help make last longer sometimes need upgrade even phone tablet computer hasn‚Äôt suffered fatal flop may find doesn‚Äôt fit work home needs plan pass family member needs remote learning honest really want fall season‚Äôs latest greatest phone"",null,null,null,null,null,null,null,null,null,""way 2 trillion apple became market unto investors seeking growth income"",null,null,null,null,null,null,null,null,null,null,""apple hit 2t market cap ‚Äî need know ‚ö°Ô∏è ‚Äúapple becomes first u company reach 2 trillion market cap‚Äù"",null,null,null,null,null,null,null,null,null,null,""new subscribers apple run 2 trillion may far fast even according analysts love company"",null,null,null,null,null,null,null,null,null,null,""take apple get 3 trillion"",null,null,null,null,null,null,null,null,null,null,""stocks making biggest moves midday target apple momenta biomarin amp"",null,null,null,null,null,null,null,null,null,null,""apple hit market cap 2 trillion doubling valuation little 2 years"",null,null,null,null]",0.4150619256880976
AAPL,2020-08-20,"[""dow could fall behind major stock benchmarks apple splits stock"",""apple seeing largest iphone upgrade potential china least 4 years morgan stanley says"",null,null,null,null,null,null,null,null,null,null,""today dealbook newsletter tracking apple trillions airbnb p plans facebook qanon takedowns white house amp fees"",null,null,null,null,null,null,null,null,null,null,""radar today deadline uber lyft comply california law requiring start treating drivers employees companies said may forced shut ride hailing operations state deadline isn‚Äôt extended want delivered inbox day sign"",null,null,null,null,null,null,null,null,null,null,null,null,null,null,null,null,null,null,null,null,null,null,null,null,null,null,null,null,null,null,null,null,null,null,null,null,null,null,null,null,null,null,null,null,null,null,null,null,null,null,null,null,null,null,null,null,null,null,null,null,null,null,null,null,null,null,null,null,null,null]",0.4145629107952118
AAPL,2020-08-21,[],0.4149542086377877
AAPL,2020-08-24,[],0.4149542086377877
AAPL,2020-08-25,[],0.4149542086377877
AAPL,2020-08-26,"[""wedbush ups apple aapl price target street high 600 'transformational' iphone cycle buying aapl split"",""facebook acknowledges apple‚Äôs upcoming ios 14 could lead 50 drop audience network advertising business"",null,null,null,null,null,null,null,null,null,null,""facebook warns apple ios 14 could shave 50 audience network revenue"",null,null,null,null,null,null,null,null,null,null,""new subscribers wednesday biggest analyst calls day tesla roku apple nikola shopify amp"",null,null,null,null,null,null,null,null,null,null,""stocks making biggest moves premarket dick sporting goods apple salesforce amp"",null,null,null,null,null,null,null,null,null,null,""facebook says apple privacy changes would likely result reduced earnings developers already difficult time businesses"",null,null,null,null,null,null,null,null,null,null,""apple banned fortnite store google later epic games ready rallied fans around hashtag freefortnite deeply epic‚Äôs c e feels tech power crucial fight apple google escalates"",null,null,null,null,null,null,null,null,null,null,""chief executive video game maker epic games tim sweeney preparing protracted legal battle apple google banned fortnite stores mission rein power tech companies reached fever pitch"",null,null,null,null,null,null,null,null,null,null,""tiktok chinese owned social network used mostly teenagers post dance videos national security threat"",null,null,null,null,null,null,null,null,null,null,""theater physical art form becoming increasingly obvious expanded online presence stay especially web smooths issues collaboration access financial physical"",null,null,null,null]",0.4151461958885193
AAPL,2020-08-27,[],0.4149542086377877
AAPL,2020-08-28,[],0.4149542086377877
AAPL,2020-08-31,[],0.4149542086377877
AAPL,2020-09-01,"[""apple analysts say 'difficult investors step away' upside potential aapl"",""tsla aapl 'nothing short stupid ' hedge fund manager says post split gains apple tesla"",""new subscribers tuesday biggest analyst calls day apple zoom chipotle penn national amp"",""apple reportedly plans launch 5g iphones watches ipad air october"",""apple landmark court win eu means ireland"",""based pre market trading apple larger market cap entire russell 2000 2 26 trillion vs 2 24 trillion aapl"",""states soon able send notice directly smartphones asking people opt apple google virus tracing technology"",""several state governments may soon send residents alert asking turn ‚Äúexposure notifications ‚Äù"",""article part tech newsletter sign receive weekdays"",null,null,null,""apple readies sell 75m 5g iphone units later year bloomberg aapl"",null,null,null,null,null,null,null,null,null,null,""comes apple tesla stock splits investors tread lightly advisors say"",null,null,null,null,null,null,null,null,null,null,""new subscribers mike santoli market notes amp p 500 boring run strong manufacturing data apple beast"",null,null,null,null,null,null,null,null,null,null,""stocks making biggest moves midday zoom video walmart penn national gaming apple amp"",null,null,null,null,null,null,null,null,null,null,""apple google coronavirus notification software built ios android"",null,null,null,null,null,null,null,null,null,null,""three ways get iphone software without using apple app store"",null,null,null,null,null,null,null,null,null,null,""new subscribers wall street thinks apple retail investors pour stock following split"",null,null,null,null,null,null,null,null,null,null,""stock market live updates tesla sell 5 billion stock apple shares pop"",null,null,null,null]",0.4147661398438847
AAPL,2020-09-02,[],0.4149542086377877
AAPL,2020-09-03,"[""üìà daily rip poison apple üçéü§¢"",""tech wreck markets plunge apple sets market cap loss record"",""apple quarter berkshire market cap yet last six trading days stocks moved direction"",""big technology companies including facebook apple inc leading declines thursday contributing pressure nasdaq"",""p 500 worst day thursday since june 11 falling 3 5 percent big tech companies driven recent rally culprits"",""listen subscribe podcast mobile device via apple podcasts via spotify via stitcher"",null,null,null,null,null,null,""apple aapl tesla tsla pressure early profit taking appears surface"",null,null,null,null,null,null,null,null,null,null,""apple stock worst day since mid march"",null,null,null,null,null,null,null,null,null,null,""market initially dropped sharply tech sell led apple four market experts discuss happened looking next"",null,null,null,null,null,null,null,null,null,null,""apple delays iphone change expected make harder apps like facebook target ads"",null,null,null,null,null,null,null,null,null,null,""stocks making biggest moves midday tesla facebook apple beyond meat amp"",null,null,null,null,null,null,null,null,null,null,""apple stock pace worst day since mid march"",null,null,null,null,null,null,null,null,null,null,""apple invests world largest onshore wind turbines power danish data center"",null,null,null,null,null,null,null,null,null,null,""good thing apple waited split 5 pullback last week would accounted 202 point decline today 48 points"",null,null,null,null]",0.4154725308929171
AAPL,2020-09-04,[],0.4149542086377877
AAPL,2020-09-08,[],0.4149542086377877
AAPL,2020-09-09,[],0.4149542086377877
AAPL,2020-09-10,[],0.4149542086377877
AAPL,2020-09-11,[],0.4149542086377877
AAPL,2020-09-14,[],0.4149542086377877
AAPL,2020-09-15,[],0.4149542086377877
AAPL,2020-09-16,[],0.4149542086377877
AAPL,2020-09-17,[],0.4149542086377877
AAPL,2020-09-18,"[""apple aapl microsoft msfy slightly higher early tough month faangs far qqq"",""apple released ios 14 big new software update iphones ‚Äî robotodd explains need know"",null,null,null,null,null,null,null,null,null,null,""apple quietly dropped 22 peak giving 500 billion market cap"",null,null,null,null,null,null,null,null,null,null,""apple released ios 14 big new software update iphones ‚Äî robotodd explains need know"",null,null,null,null,null,null,null,null,null,null,""technology products editor robotodd first look new high end apple watch need know"",null,null,null,null,null,null,null,null,null,null,""apple released ios 14 big new software update iphones ‚Äî robotodd explains need know"",null,null,null,null,null,null,null,null,null,null,""ability measure blood‚Äôs oxygen saturation significant new feature apple watch series 6 unveiled week becomes available friday bxchen asks useful feature us really"",null,null,null,null,null,null,null,null,null,null,""visit last weekend areas eastern washington scorched wildfires gov jay inslee brought personal gift honeycrisp apples grown governor‚Äôs mansion olympia"",null,null,null,null,null,null,null,null,null,null,null,null,null,null,null,null,null,null,null,null,null,null,null,null,null,null]",0.4149692170321941
AAPL,2020-09-21,[],0.4149542086377877
AAPL,2020-09-22,"[""new subscribers mike santoli‚Äôs market notes apple standoff stock key market level watch sell"",""bespoke morning lineup apple picking bespokeinvest"",null,null,null,null,null,null,null,null,null,null,""heavyweights"",null,null,null,null,null,null,null,null,null,null,""recently wrote mark zuckerberg powerful unelected man america facebook‚Äôs efforts try combat election related disinformation platform however comforting merely ‚Äúan admission great power make americans uncomfortable ‚Äù said"",null,null,null,null,null,null,null,null,null,null,null,null,null,null,null,null,null,null,null,null,null,null,null,null,null,null,null,null,null,null,null,null,null,null,null,null,null,null,null,null,null,null,null,null,null,null,null,null,null,null,null,null,null,null,null,null,null,null,null,null,null,null,null,null,null,null,null,null,null,null]",0.4158192351460457
AAPL,2020-09-23,[],0.4149542086377877
AAPL,2020-09-24,[],0.4149542086377877
AAPL,2020-09-25,[],0.4149542086377877
AAPL,2020-09-28,[],0.4149542086377877
AAPL,2020-09-29,"[""apple ceo tim cook receives first stock grant since 2011 could earn 1 million shares"",""new subscribers jpmorgan suggests options plays around amazon prime day apple new iphone release"",null,null,null,null,null,null,null,null,null,null,""today nintendo part crowded video game market competes sony microsoft apple google company around 130 years able stay relevant long"",null,null,null,null,null,null,null,null,null,null,""apple aapl breakout stats"",null,null,null,null,null,null,null,null,null,null,""apple epic games maker fortnite sparred federal court monday whether reinstate popular game apple‚Äôs app store federal judge recommended jury trial antitrust case july"",null,null,null,null,null,null,null,null,null,null,null,null,null,null,null,null,null,null,null,null,null,null,null,null,null,null,null,null,null,null,null,null,null,null,null,null,null,null,null,null,null,null,null,null,null,null,null,null,null,null,null,null,null,null,null,null,null,null,null]",0.4146308422088623
AAPL,2020-09-30,[],0.4149542086377877
AAPL,2020-10-01,[],0.4149542086377877
AAPL,2020-10-02,[],0.4149542086377877
AAPL,2020-10-05,[],0.4149542086377877
AAPL,2020-10-06,"[""apple confirms oct 13 event expected unveil 5g iphone 12 aapl"",""today nintendo part crowded video game market competes sony microsoft apple google company around 130 years able stay relevant long"",""apple announces oct 13 event expected reveal new iphone"",""amazon apple facebook google abused monopoly power house lawmakers said report calls sweeping changes antitrust laws"",""house lawmakers released scathing report four world‚Äôs largest tech companies accusing abusing market power report released tuesday concludes 16 month investigation amazon apple facebook google recommended breaking companies passing sweeping reforms antitrust laws decades"",""read report"",""washington ‚Äî house lawmakers spent last 16 months investigating practices world‚Äôs largest technology companies said tuesday amazon apple facebook google exercised abused monopoly power called sweeping changes antitrust laws half century"",""u pick farms ‚Äî choose fruit vegetable patches draw droves summer fall ‚Äî especially busy year farms picked they‚Äôve close fields day longer let new fruit ripen"",""washington ‚Äî divisions washington one issue united republicans democrats recent years animus toward power biggest tech companies"",null,null,null,""apple 'monopoly power' iphone apps gives outsized profits democrats say"",null,null,null,null,null,null,null,null,null,null,""apple removed third party headphones speakers website instead develop high end set ear headphones carry brand instead beats brand"",null,null,null,null,null,null,null,null,null,null,""house judiciary subcommittee antitrust releases long awaited report ‚Äúmonopoly power‚Äù facebook apple amazon google recommending big changes kaylatausche details"",null,null,null,null,null,null,null,null,null,null,""house democrats say facebook amazon alphabet apple enjoy 'monopoly power ' recommend big changes"",null,null,null,null,null,null,null,null,null,null,""apple announced new product launch event oct 13 it‚Äôs expected reveal next model iphone"",null,null,null,null,null,null,null,null,null,null,""stock market live updates dow 100 pelosi says stimulus immediately needed apple lows"",null,null,null,null,null,null,null,null,null,null,""facebook revenue chief says ad supported model ‚Äòunder assault‚Äô amid apple privacy changes"",null,null,null,null,null,null,null,null,null,null,""apple removed third party headphones speakers website instead develop high end set ear headphones carry brand instead beats brand"",null,null,null,null]",0.4146914552239811
AAPL,2020-10-07,"[""facebook amazon apple google stamping rivals stifling innovation house antitrust investigation concludes aapl amzn fb goog"",""house judiciary antitrust subcommittee released nearly 450 page report big tech yesterday saying facebook amazon alphabet apple enjoy ‚Äúmonopoly power ‚Äù subcommittee chairman david cicilline joins powerlunch discuss"",null,null,null,null,null,null,null,null,null,null,""mcdonald‚Äôs introducing apple fritter blueberry muffin cinnamon roll permanent menu later month"",null,null,null,null,null,null,null,null,null,null,""house judiciary subcommittee antitrust released long awaited report ‚Äúmonopoly power‚Äù facebook apple amazon google yesterday recommending big changes"",null,null,null,null,null,null,null,null,null,null,""apple announced new product launch event oct 13 it‚Äôs expected reveal next model iphone"",null,null,null,null,null,null,null,null,null,null,""house democrats proposed legal changes could restructure facebook google amazon apple ‚Äì making illegal provide preferential treatment products compete directly companies use platforms"",null,null,null,null,null,null,null,null,null,null,""house democrats proposed legal changes could restructure facebook google amazon apple ‚Äì making illegal provide preferential treatment products compete directly companies use platforms"",null,null,null,null,null,null,null,null,null,null,""article part tech newsletter sign receive weekdays"",null,null,null,null,null,null,null,null,null,null,""amazon sets rules digital commerce apple favors apps services devices facebook holds ‚Äúfirmly entrenched‚Äù monopoly power social networking google maintained search dominance grabbing information third parties without permission improve search results"",null,null,null,null,null,null,null,null,null,null,null,null,null,null,null]",0.4145534601476457
AAPL,2020-10-08,[],0.4149542086377877
AAPL,2020-10-09,[],0.4149542086377877
AAPL,2020-10-12,[],0.4149542086377877
AAPL,2020-10-13,"[""bearcharts apple tesla would cool though"",""bearcharts apple tesla"",""aapl apple iphone event benzinga pro alert"",""apple full size iphone 12 costs least 100 last year iphone 11 kifleswing breaks pricing apple latest iphone models"",""everything apple announced iphone 12 event"",""5g got real u following apple largely anticipated event unveiled new iphone 12 verizon ceo hans vestberg details company plan roll nationwide 5g coverage"",""starting prices apple new iphone models iphone 12 mini starts 699 iphone 12 starts 799 iphone 12 pro starts 999 iphone 12 pro max starts 1 099 appleevent"",""apple full size iphone 12 costs least 100 last year iphone 11"",""starting prices apple new iphone models iphone 12 mini starts 699 iphone 12 starts 799 iphone 12 pro starts 999 iphone 12 pro max starts 1 099 appleevent"",""5g got real u following apple largely anticipated event unveiled new iphone 12 verizon ceo hans vestberg details company plan roll nationwide 5g coverage"",""stock market live updates stocks pressure apple 5g event earnings begin"",""everything apple announced homepod mini iphone 12 ‚ö°Ô∏è ‚Äúhere everything apple announced including new iphone 12‚Äù"",""johnfinn66 apple tesla"",""everything apple announced today 4 new iphones magnetic charging"",""apple removing charger headphones iphone 12 box cut carbon footprint appleevent"",""apple announces iphone 12 pro models come four colors silver graphite gold blue appleevent"",""apple announces high end iphone 12 pro biggest iphone screen ever"",""apple unveils 699 iphone 12 mini billed ‚Äúthe smallest thinnest lightest 5g phone world ‚Äù appleevent"",""apple announces new model iphone iphone 12 mini 5g"",""apple announces magsafe iphone attaching accessories wireless chargers"",""apple announces magsafe iphone attach accessories wireless chargers appleevent"",""apple unveils iphone 12 ‚Äî first iphone 5g appleevent"",""apple announces iphone 12 5g"",""absoluts0 apple tesla"",""apple brings 5g iphone ‚Äúthe next generation ‚Äù ceo tim cook says appleevent"",""live updates apple announces new iphones 5g"",""apple announces new homepod mini smart speaker starting 99"",""‚ö°Ô∏è apple announcing new iphone 12 phones event today follow along"",""apple announces newest addition homepod family homepod mini smart speaker appleevent"",""apple announce new iphones ‚Äî follow updates"",""listen apple big event expected unveil new phones amazon prime day begins listen subscribe squawkstreet podcast carlquintanilla jimcramer davidfaber"",""apple potential make big waves health care"",""heard street largest array yet new iphones reflects aggressive pricing bet apple 5g technology"","""",""kinneyklues apple tesla"",""stock market pauses apple unveils 5g iphone asml breaks teladoc flirts buy point aapl asml tdoc"",""facebook leased enough new office space manhattan nearly triple current local work force including one city‚Äôs iconic buildings 107 year old former main post office complex near pennsylvania station"",""‚Äôtis season new gadgets kinds including new smartphones figure really need one"",""apple talk tuesday new iphones doodads brian x chen technology columnist new york times three question quiz help decide whether it‚Äôs worth considering new smartphone sticking watch apple‚Äôs iphone unveiling don‚Äôt times useful bits"",""first apple new product lineup tuesday homepod mini smaller cheaper version homepod smart speaker hasn‚Äôt successful products emulated amazon echo google home"",""many us eagerly anticipating apple‚Äôs new iphones tuesday expected include major new feature 5g fifth generation cellular network"",""latest iphones cost"",""iphone 12 successor last year‚Äôs iphone 11 arrived improved screen faster chip among improvements"",null,null,""yoyloss apple tesla pepsi cocacola"",null,null,null,null,null,null,null,null,null,null,""eddywall4 apple tesla"",null,null,null,null,null,null,null,null,null,null,""arsalaanali6 apple tesla üî•"",null,null,null,null,null,null,null,null,null,null,""name 2 public companies collaborate go first apple x tesla"",null,null,null,null,null,null,null,null,null,null,""apple 'hi speed' iphone event live blog aapl"",null,null,null,null]",0.4161361443499724
AAPL,2020-10-14,[],0.4149542086377877
AAPL,2020-10-15,[],0.4149542086377877
AAPL,2020-10-16,[],0.4149542086377877
AAPL,2020-10-19,[],0.4149542086377877
AAPL,2020-10-20,[],0.4149542086377877
AAPL,2020-10-21,[],0.4149542086377877
AAPL,2020-10-22,"[""apple veteran chief designer jony ive design 'future airbnb' aapl"",""want stop airpods automatically connecting apple devices robotodd explains"",null,null,null,null,null,null,null,null,null,null,""stop airpods automatically connecting apple devices"",null,null,null,null,null,null,null,null,null,null,""decades america‚Äôs antitrust laws ‚Äî originally designed curb power 19th century corporate giants railroads oil steel ‚Äî hailed ‚Äúthe magna carta free enterprise‚Äù proved remarkably durable adaptable"",null,null,null,null,null,null,null,null,null,null,null,null,null,null,null,null,null,null,null,null,null,null,null,null,null,null,null,null,null,null,null,null,null,null,null,null,null,null,null,null,null,null,null,null,null,null,null,null,null,null,null,null,null,null,null,null,null,null,null,null,null,null,null,null,null,null,null,null,null,null]",0.4152009785175324
AAPL,2020-10-23,[],0.4149542086377877
AAPL,2020-10-26,[],0.4149542086377877
AAPL,2020-10-27,[],0.4149542086377877
AAPL,2020-10-28,[],0.4149542086377877
AAPL,2020-10-29,"[""grab seat howardlindzon listen stevenjr76 oceans venture capital discusses overcoming challenges working apple"",""incase forgot‚Ä¶ facebook apple amazon google report earnings close fb 5 4 aapl 4 7 amzn 2 4 googl 3 8"",""dow futures fall 250 points apple amazon shares decline earnings"",""apple one subscription bundles launch friday starting 14 95 month"",""stocks making biggest moves hours alphabet twitter facebook apple amazon amp"",""apple falls strong ipad mac sales fail make iphone decline"",""apple 191 83 billion cash hand"",""apple reported fourth quarter earnings thursday slightly exceeded wall street expectations company offer investors guidance quarter ending december"",""apple set report earnings bell"",""here‚Äôs amazon apple microsoft facebook alphabet fared since trump took office"",""apple aapl breakout stats"",""apple provide guidance last two earnings reports either much surprise today aapl"",""apple q4 results exceed expectations services strength offset weak iphone sales aapl"",""heard street strong results apple amazon google facebook leave investors mostly unimpressed"",""market roundup tech shares apple 4 amazon 1 facebook 0 5 alphabet 8"",""amp p 500 dow industrials rose investors awaited guidance technology giants including apple"",""rest u economy languished earlier year tech industry‚Äôs biggest companies seemed immune downturn surging country worked learned shopped home"",""finally looks big tech may face breakups lawmakers interrogating tech c e capitol hill justice department pursues landmark antitrust case google decades tech giants avoided scrutiny ‚Äî hiding behind idea products free beneficial even beloved"",null,null,null,null,null,""madmoneyoncnbc jimcramer say amazon alphabet apple facebook earnings"",null,null,null,null,null,null,null,null,null,null,""apple 191 83 billion cash hand ‚Äî nearly 7 year ago"",null,null,null,null,null,null,null,null,null,null,""apple one subscription bundles launch friday starting 14 95 month"",null,null,null,null,null,null,null,null,null,null,""japan stocks set slip investors monitor apple suppliers asia"",null,null,null,null,null,null,null,null,null,null,""apple weak iphone sales huge problem ‚Äî people waiting new models"",null,null,null,null,null,null,null,null,null,null,""cramer reacts amazon alphabet apple facebook earnings"",null,null,null,null,null,null,null,null,null,null,""companies like apple amazon facebook reported quarterly results today need know ‚ö°Ô∏è ‚Äúearnings season continues big tech reports quarterly results‚Äù cnbc"",null,null,null,null]",0.4153066468238831
AAPL,2020-10-30,[],0.4149542086377877
AAPL,2020-11-02,[],0.4149542086377877
AAPL,2020-11-03,[],0.4149542086377877
AAPL,2020-11-04,[],0.4149542086377877
AAPL,2020-11-05,[],0.4149542086377877
AAPL,2020-11-06,[],0.4149542086377877
AAPL,2020-11-09,[],0.4149542086377877
AAPL,2020-11-10,[],0.4149542086377877
AAPL,2020-11-11,[],0.4149542086377877
AAPL,2020-11-12,[],0.4149542086377877
AAPL,2020-11-13,[],0.4149542086377877
AAPL,2020-11-16,[],0.4149542086377877
AAPL,2020-11-17,[],0.4149542086377877
AAPL,2020-11-18,[],0.4149542086377877
AAPL,2020-11-19,[],0.4149542086377877
AAPL,2020-11-20,[],0.4149542086377877
AAPL,2020-11-23,[],0.4149542086377877
AAPL,2020-11-24,[],0.4149542086377877
AAPL,2020-11-25,[],0.4149542086377877
AAPL,2020-11-27,[],0.4149542086377877
AAPL,2020-11-30,[],0.4149542086377877
AAPL,2020-12-01,[],0.4149542086377877
AAPL,2020-12-02,[],0.4149542086377877
AAPL,2020-12-03,[],0.4149542086377877
AAPL,2020-12-04,[],0.4149542086377877
AAPL,2020-12-07,[],0.4149542086377877
